PokemonKey,ImageURL
1 - Bulbasaur,https://www.pokemon.com/static-assets/content-assets/cms2/img/pokedex/full/1.png
2 - Ivysaur,https://www.pokemon.com/static-assets/content-assets/cms2/img/pokedex/full/2.png
3 - Venusaur,https://www.pokemon.com/static-assets/content-assets/cms2/img/pokedex/full/3.png
4 - Charmander,https://www.pokemon.com/static-assets/content-assets/cms2/img/pokedex/full/4.png
5 - Charmeleon,https://www.pokemon.com/static-assets/content-assets/cms2/img/pokedex/full/5.png
6 - Charizard,https://www.pokemon.com/static-assets/content-assets/cms2/img/pokedex/full/6.png
7 - Squirtle,https://www.pokemon.com/static-assets/content-assets/cms2/img/pokedex/full/7.png
8 - Wartortle,https://www.pokemon.com/static-assets/content-assets/cms2/img/pokedex/full/8.png
9 - Blastoise,https://www.pokemon.com/static-assets/content-assets/cms2/img/pokedex/full/9.png
10 - Caterpie,https://www.pokemon.com/static-assets/content-assets/cms2/img/pokedex/full/010.png
11 - Metapod,https://www.pokemon.com/static-assets/content-assets/cms2/img/pokedex/full/011.png
12 - Butterfree,https://www.pokemon.com/static-assets/content-assets/cms2/img/pokedex/full/012.png
13 - Weedle,https://www.pokemon.com/static-assets/content-assets/cms2/img/pokedex/full/013.png
14 - Kakuna,https://www.pokemon.com/static-assets/content-assets/cms2/img/pokedex/full/014.png
15 - Beedrill,https://www.pokemon.com/static-assets/content-assets/cms2/img/pokedex/full/015.png
16 - Pidgey,https://www.pokemon.com/static-assets/content-assets/cms2/img/pokedex/full/016.png
17 - Pidgeotto,https://www.pokemon.com/static-assets/content-assets/cms2/img/pokedex/full/017.png
18 - Pidgeot,https://www.pokemon.com/static-assets/content-assets/cms2/img/pokedex/full/018.png
19 - Rattata,https://www.pokemon.com/static-assets/content-assets/cms2/img/pokedex/full/019.png
20 - Raticate,https://www.pokemon.com/static-assets/content-assets/cms2/img/pokedex/full/020.png
21 - Spearow,https://www.pokemon.com/static-assets/content-assets/cms2/img/pokedex/full/021.png
22 - Fearow,https://www.pokemon.com/static-assets/content-assets/cms2/img/pokedex/full/022.png
23 - Ekans,https://www.pokemon.com/static-assets/content-assets/cms2/img/pokedex/full/023.png
24 - Arbok,https://www.pokemon.com/static-assets/content-assets/cms2/img/pokedex/full/024.png
25 - Pikachu,https://www.pokemon.com/static-assets/content-assets/cms2/img/pokedex/full/025.png
26 - Raichu,https://www.pokemon.com/static-assets/content-assets/cms2/img/pokedex/full/026.png
27 - Sandshrew,https://www.pokemon.com/static-assets/content-assets/cms2/img/pokedex/full/027.png
28 - Sandslash,https://www.pokemon.com/static-assets/content-assets/cms2/img/pokedex/full/028.png
29 - Nidoran♀,https://www.pokemon.com/static-assets/content-assets/cms2/img/pokedex/full/029.png
30 - Nidorina,https://www.pokemon.com/static-assets/content-assets/cms2/img/pokedex/full/030.png
31 - Nidoqueen,https://www.pokemon.com/static-assets/content-assets/cms2/img/pokedex/full/031.png
32 - Nidoran♂,https://www.pokemon.com/static-assets/content-assets/cms2/img/pokedex/full/032.png
33 - Nidorino,https://www.pokemon.com/static-assets/content-assets/cms2/img/pokedex/full/033.png
34 - Nidoking,https://www.pokemon.com/static-assets/content-assets/cms2/img/pokedex/full/034.png
35 - Clefairy,https://www.pokemon.com/static-assets/content-assets/cms2/img/pokedex/full/035.png
36 - Clefable,https://www.pokemon.com/static-assets/content-assets/cms2/img/pokedex/full/036.png
37 - Vulpix,https://www.pokemon.com/static-assets/content-assets/cms2/img/pokedex/full/037.png
38 - Ninetales,https://www.pokemon.com/static-assets/content-assets/cms2/img/pokedex/full/038.png
39 - Jigglypuff,https://www.pokemon.com/static-assets/content-assets/cms2/img/pokedex/full/039.png
40 - Wigglytuff,https://www.pokemon.com/static-assets/content-assets/cms2/img/pokedex/full/040.png
41 - Zubat,https://www.pokemon.com/static-assets/content-assets/cms2/img/pokedex/full/041.png
42 - Golbat,https://www.pokemon.com/static-assets/content-assets/cms2/img/pokedex/full/042.png
43 - Oddish,https://www.pokemon.com/static-assets/content-assets/cms2/img/pokedex/full/043.png
44 - Gloom,https://www.pokemon.com/static-assets/content-assets/cms2/img/pokedex/full/044.png
45 - Vileplume,https://www.pokemon.com/static-assets/content-assets/cms2/img/pokedex/full/045.png
46 - Paras,https://www.pokemon.com/static-assets/content-assets/cms2/img/pokedex/full/046.png
47 - Parasect,https://www.pokemon.com/static-assets/content-assets/cms2/img/pokedex/full/047.png
48 - Venonat,https://www.pokemon.com/static-assets/content-assets/cms2/img/pokedex/full/048.png
49 - Venomoth,https://www.pokemon.com/static-assets/content-assets/cms2/img/pokedex/full/049.png
50 - Diglett,https://www.pokemon.com/static-assets/content-assets/cms2/img/pokedex/full/050.png
51 - Dugtrio,https://www.pokemon.com/static-assets/content-assets/cms2/img/pokedex/full/051.png
52 - Meowth,https://www.pokemon.com/static-assets/content-assets/cms2/img/pokedex/full/052.png
53 - Persian,https://www.pokemon.com/static-assets/content-assets/cms2/img/pokedex/full/053.png
54 - Psyduck,https://www.pokemon.com/static-assets/content-assets/cms2/img/pokedex/full/054.png
55 - Golduck,https://www.pokemon.com/static-assets/content-assets/cms2/img/pokedex/full/055.png
56 - Mankey,https://www.pokemon.com/static-assets/content-assets/cms2/img/pokedex/full/056.png
57 - Primeape,https://www.pokemon.com/static-assets/content-assets/cms2/img/pokedex/full/057.png
58 - Growlithe,https://www.pokemon.com/static-assets/content-assets/cms2/img/pokedex/full/058.png
59 - Arcanine,https://www.pokemon.com/static-assets/content-assets/cms2/img/pokedex/full/059.png
60 - Poliwag,https://www.pokemon.com/static-assets/content-assets/cms2/img/pokedex/full/060.png
61 - Poliwhirl,https://www.pokemon.com/static-assets/content-assets/cms2/img/pokedex/full/061.png
62 - Poliwrath,https://www.pokemon.com/static-assets/content-assets/cms2/img/pokedex/full/062.png
63 - Abra,https://www.pokemon.com/static-assets/content-assets/cms2/img/pokedex/full/063.png
64 - Kadabra,https://www.pokemon.com/static-assets/content-assets/cms2/img/pokedex/full/064.png
65 - Alakazam,https://www.pokemon.com/static-assets/content-assets/cms2/img/pokedex/full/065.png
66 - Machop,https://www.pokemon.com/static-assets/content-assets/cms2/img/pokedex/full/066.png
67 - Machoke,https://www.pokemon.com/static-assets/content-assets/cms2/img/pokedex/full/067.png
68 - Machamp,https://www.pokemon.com/static-assets/content-assets/cms2/img/pokedex/full/068.png
69 - Bellsprout,https://www.pokemon.com/static-assets/content-assets/cms2/img/pokedex/full/069.png
70 - Weepinbell,https://www.pokemon.com/static-assets/content-assets/cms2/img/pokedex/full/070.png
71 - Victreebel,https://www.pokemon.com/static-assets/content-assets/cms2/img/pokedex/full/071.png
72 - Tentacool,https://www.pokemon.com/static-assets/content-assets/cms2/img/pokedex/full/072.png
73 - Tentacruel,https://www.pokemon.com/static-assets/content-assets/cms2/img/pokedex/full/073.png
74 - Geodude,https://www.pokemon.com/static-assets/content-assets/cms2/img/pokedex/full/074.png
75 - Graveler,https://www.pokemon.com/static-assets/content-assets/cms2/img/pokedex/full/075.png
76 - Golem,https://www.pokemon.com/static-assets/content-assets/cms2/img/pokedex/full/076.png
77 - Ponyta,https://www.pokemon.com/static-assets/content-assets/cms2/img/pokedex/full/077.png
78 - Rapidash,https://www.pokemon.com/static-assets/content-assets/cms2/img/pokedex/full/078.png
79 - Slowpoke,https://www.pokemon.com/static-assets/content-assets/cms2/img/pokedex/full/079.png
80 - Slowbro,https://www.pokemon.com/static-assets/content-assets/cms2/img/pokedex/full/080.png
81 - Magnemite,https://www.pokemon.com/static-assets/content-assets/cms2/img/pokedex/full/081.png
82 - Magneton,https://www.pokemon.com/static-assets/content-assets/cms2/img/pokedex/full/082.png
83 - Farfetch'd,https://www.pokemon.com/static-assets/content-assets/cms2/img/pokedex/full/083.png
84 - Doduo,https://www.pokemon.com/static-assets/content-assets/cms2/img/pokedex/full/084.png
85 - Dodrio,https://www.pokemon.com/static-assets/content-assets/cms2/img/pokedex/full/085.png
86 - Seel,https://www.pokemon.com/static-assets/content-assets/cms2/img/pokedex/full/086.png
87 - Dewgong,https://www.pokemon.com/static-assets/content-assets/cms2/img/pokedex/full/087.png
88 - Grimer,https://www.pokemon.com/static-assets/content-assets/cms2/img/pokedex/full/088.png
89 - Muk,https://www.pokemon.com/static-assets/content-assets/cms2/img/pokedex/full/089.png
90 - Shellder,https://www.pokemon.com/static-assets/content-assets/cms2/img/pokedex/full/090.png
91 - Cloyster,https://www.pokemon.com/static-assets/content-assets/cms2/img/pokedex/full/091.png
92 - Gastly,https://www.pokemon.com/static-assets/content-assets/cms2/img/pokedex/full/092.png
93 - Haunter,https://www.pokemon.com/static-assets/content-assets/cms2/img/pokedex/full/093.png
94 - Gengar,https://www.pokemon.com/static-assets/content-assets/cms2/img/pokedex/full/094.png
95 - Onix,https://www.pokemon.com/static-assets/content-assets/cms2/img/pokedex/full/095.png
96 - Drowzee,https://www.pokemon.com/static-assets/content-assets/cms2/img/pokedex/full/096.png
97 - Hypno,https://www.pokemon.com/static-assets/content-assets/cms2/img/pokedex/full/097.png
98 - Krabby,https://www.pokemon.com/static-assets/content-assets/cms2/img/pokedex/full/098.png
99 - Kingler,https://www.pokemon.com/static-assets/content-assets/cms2/img/pokedex/full/099.png
100 - Voltorb,https://www.pokemon.com/static-assets/content-assets/cms2/img/pokedex/full/100.png
101 - Electrode,https://www.pokemon.com/static-assets/content-assets/cms2/img/pokedex/full/101.png
102 - Exeggcute,https://www.pokemon.com/static-assets/content-assets/cms2/img/pokedex/full/102.png
103 - Exeggutor,https://www.pokemon.com/static-assets/content-assets/cms2/img/pokedex/full/103.png
104 - Cubone,https://www.pokemon.com/static-assets/content-assets/cms2/img/pokedex/full/104.png
105 - Marowak,https://www.pokemon.com/static-assets/content-assets/cms2/img/pokedex/full/105.png
106 - Hitmonlee,https://www.pokemon.com/static-assets/content-assets/cms2/img/pokedex/full/106.png
107 - Hitmonchan,https://www.pokemon.com/static-assets/content-assets/cms2/img/pokedex/full/107.png
108 - Lickitung,https://www.pokemon.com/static-assets/content-assets/cms2/img/pokedex/full/108.png
109 - Koffing,https://www.pokemon.com/static-assets/content-assets/cms2/img/pokedex/full/109.png
110 - Weezing,https://www.pokemon.com/static-assets/content-assets/cms2/img/pokedex/full/110.png
111 - Rhyhorn,https://www.pokemon.com/static-assets/content-assets/cms2/img/pokedex/full/111.png
112 - Rhydon,https://www.pokemon.com/static-assets/content-assets/cms2/img/pokedex/full/112.png
113 - Chansey,https://www.pokemon.com/static-assets/content-assets/cms2/img/pokedex/full/113.png
114 - Tangela,https://www.pokemon.com/static-assets/content-assets/cms2/img/pokedex/full/114.png
115 - Kangaskhan,https://www.pokemon.com/static-assets/content-assets/cms2/img/pokedex/full/115.png
116 - Horsea,https://www.pokemon.com/static-assets/content-assets/cms2/img/pokedex/full/116.png
117 - Seadra,https://www.pokemon.com/static-assets/content-assets/cms2/img/pokedex/full/117.png
118 - Goldeen,https://www.pokemon.com/static-assets/content-assets/cms2/img/pokedex/full/118.png
119 - Seaking,https://www.pokemon.com/static-assets/content-assets/cms2/img/pokedex/full/119.png
120 - Staryu,https://www.pokemon.com/static-assets/content-assets/cms2/img/pokedex/full/120.png
121 - Starmie,https://www.pokemon.com/static-assets/content-assets/cms2/img/pokedex/full/121.png
122 - Mr._Mime,https://www.pokemon.com/static-assets/content-assets/cms2/img/pokedex/full/122.png
123 - Scyther,https://www.pokemon.com/static-assets/content-assets/cms2/img/pokedex/full/123.png
124 - Jynx,https://www.pokemon.com/static-assets/content-assets/cms2/img/pokedex/full/124.png
125 - Electabuzz,https://www.pokemon.com/static-assets/content-assets/cms2/img/pokedex/full/125.png
126 - Magmar,https://www.pokemon.com/static-assets/content-assets/cms2/img/pokedex/full/126.png
127 - Pinsir,https://www.pokemon.com/static-assets/content-assets/cms2/img/pokedex/full/127.png
128 - Tauros,https://www.pokemon.com/static-assets/content-assets/cms2/img/pokedex/full/128.png
129 - Magikarp,https://www.pokemon.com/static-assets/content-assets/cms2/img/pokedex/full/129.png
130 - Gyarados,https://www.pokemon.com/static-assets/content-assets/cms2/img/pokedex/full/130.png
131 - Lapras,https://www.pokemon.com/static-assets/content-assets/cms2/img/pokedex/full/131.png
132 - Ditto,https://www.pokemon.com/static-assets/content-assets/cms2/img/pokedex/full/132.png
133 - Eevee,https://www.pokemon.com/static-assets/content-assets/cms2/img/pokedex/full/133.png
134 - Vaporeon,https://www.pokemon.com/static-assets/content-assets/cms2/img/pokedex/full/134.png
135 - Jolteon,https://www.pokemon.com/static-assets/content-assets/cms2/img/pokedex/full/135.png
136 - Flareon,https://www.pokemon.com/static-assets/content-assets/cms2/img/pokedex/full/136.png
137 - Porygon,https://www.pokemon.com/static-assets/content-assets/cms2/img/pokedex/full/137.png
138 - Omanyte,https://www.pokemon.com/static-assets/content-assets/cms2/img/pokedex/full/138.png
139 - Omastar,https://www.pokemon.com/static-assets/content-assets/cms2/img/pokedex/full/139.png
140 - Kabuto,https://www.pokemon.com/static-assets/content-assets/cms2/img/pokedex/full/140.png
141 - Kabutops,https://www.pokemon.com/static-assets/content-assets/cms2/img/pokedex/full/141.png
142 - Aerodactyl,https://www.pokemon.com/static-assets/content-assets/cms2/img/pokedex/full/142.png
143 - Snorlax,https://www.pokemon.com/static-assets/content-assets/cms2/img/pokedex/full/143.png
144 - Articuno,https://www.pokemon.com/static-assets/content-assets/cms2/img/pokedex/full/144.png
145 - Zapdos,https://www.pokemon.com/static-assets/content-assets/cms2/img/pokedex/full/145.png
146 - Moltres,https://www.pokemon.com/static-assets/content-assets/cms2/img/pokedex/full/146.png
147 - Dratini,https://www.pokemon.com/static-assets/content-assets/cms2/img/pokedex/full/147.png
148 - Dragonair,https://www.pokemon.com/static-assets/content-assets/cms2/img/pokedex/full/148.png
149 - Dragonite,https://www.pokemon.com/static-assets/content-assets/cms2/img/pokedex/full/149.png
150 - Mewtwo,https://www.pokemon.com/static-assets/content-assets/cms2/img/pokedex/full/150.png
151 - Mew,https://www.pokemon.com/static-assets/content-assets/cms2/img/pokedex/full/151.png
152 - Chikorita,https://www.pokemon.com/static-assets/content-assets/cms2/img/pokedex/full/152.png
153 - Bayleef,https://www.pokemon.com/static-assets/content-assets/cms2/img/pokedex/full/153.png
154 - Meganium,https://www.pokemon.com/static-assets/content-assets/cms2/img/pokedex/full/154.png
155 - Cyndaquil,https://www.pokemon.com/static-assets/content-assets/cms2/img/pokedex/full/155.png
156 - Quilava,https://www.pokemon.com/static-assets/content-assets/cms2/img/pokedex/full/156.png
157 - Typhlosion,https://www.pokemon.com/static-assets/content-assets/cms2/img/pokedex/full/157.png
158 - Totodile,https://www.pokemon.com/static-assets/content-assets/cms2/img/pokedex/full/158.png
159 - Croconaw,https://www.pokemon.com/static-assets/content-assets/cms2/img/pokedex/full/159.png
160 - Feraligatr,https://www.pokemon.com/static-assets/content-assets/cms2/img/pokedex/full/160.png
161 - Sentret,https://www.pokemon.com/static-assets/content-assets/cms2/img/pokedex/full/161.png
162 - Furret,https://www.pokemon.com/static-assets/content-assets/cms2/img/pokedex/full/162.png
163 - Hoothoot,https://www.pokemon.com/static-assets/content-assets/cms2/img/pokedex/full/163.png
164 - Noctowl,https://www.pokemon.com/static-assets/content-assets/cms2/img/pokedex/full/164.png
165 - Ledyba,https://www.pokemon.com/static-assets/content-assets/cms2/img/pokedex/full/165.png
166 - Ledian,https://www.pokemon.com/static-assets/content-assets/cms2/img/pokedex/full/166.png
167 - Spinarak,https://www.pokemon.com/static-assets/content-assets/cms2/img/pokedex/full/167.png
168 - Ariados,https://www.pokemon.com/static-assets/content-assets/cms2/img/pokedex/full/168.png
169 - Crobat,https://www.pokemon.com/static-assets/content-assets/cms2/img/pokedex/full/169.png
170 - Chinchou,https://www.pokemon.com/static-assets/content-assets/cms2/img/pokedex/full/170.png
171 - Lanturn,https://www.pokemon.com/static-assets/content-assets/cms2/img/pokedex/full/171.png
172 - Pichu,https://www.pokemon.com/static-assets/content-assets/cms2/img/pokedex/full/172.png
173 - Cleffa,https://www.pokemon.com/static-assets/content-assets/cms2/img/pokedex/full/173.png
174 - Igglybuff,https://www.pokemon.com/static-assets/content-assets/cms2/img/pokedex/full/174.png
175 - Togepi,https://www.pokemon.com/static-assets/content-assets/cms2/img/pokedex/full/175.png
176 - Togetic,https://www.pokemon.com/static-assets/content-assets/cms2/img/pokedex/full/176.png
177 - Natu,https://www.pokemon.com/static-assets/content-assets/cms2/img/pokedex/full/177.png
178 - Xatu,https://www.pokemon.com/static-assets/content-assets/cms2/img/pokedex/full/178.png
179 - Mareep,https://www.pokemon.com/static-assets/content-assets/cms2/img/pokedex/full/179.png
180 - Flaaffy,https://www.pokemon.com/static-assets/content-assets/cms2/img/pokedex/full/180.png
181 - Ampharos,https://www.pokemon.com/static-assets/content-assets/cms2/img/pokedex/full/181.png
182 - Bellossom,https://www.pokemon.com/static-assets/content-assets/cms2/img/pokedex/full/182.png
183 - Marill,https://www.pokemon.com/static-assets/content-assets/cms2/img/pokedex/full/183.png
184 - Azumarill,https://www.pokemon.com/static-assets/content-assets/cms2/img/pokedex/full/184.png
185 - Sudowoodo,https://www.pokemon.com/static-assets/content-assets/cms2/img/pokedex/full/185.png
186 - Politoed,https://www.pokemon.com/static-assets/content-assets/cms2/img/pokedex/full/186.png
187 - Hoppip,https://www.pokemon.com/static-assets/content-assets/cms2/img/pokedex/full/187.png
188 - Skiploom,https://www.pokemon.com/static-assets/content-assets/cms2/img/pokedex/full/188.png
189 - Jumpluff,https://www.pokemon.com/static-assets/content-assets/cms2/img/pokedex/full/189.png
190 - Aipom,https://www.pokemon.com/static-assets/content-assets/cms2/img/pokedex/full/190.png
191 - Sunkern,https://www.pokemon.com/static-assets/content-assets/cms2/img/pokedex/full/191.png
192 - Sunflora,https://www.pokemon.com/static-assets/content-assets/cms2/img/pokedex/full/192.png
193 - Yanma,https://www.pokemon.com/static-assets/content-assets/cms2/img/pokedex/full/193.png
194 - Wooper,https://www.pokemon.com/static-assets/content-assets/cms2/img/pokedex/full/194.png
195 - Quagsire,https://www.pokemon.com/static-assets/content-assets/cms2/img/pokedex/full/195.png
196 - Espeon,https://www.pokemon.com/static-assets/content-assets/cms2/img/pokedex/full/196.png
197 - Umbreon,https://www.pokemon.com/static-assets/content-assets/cms2/img/pokedex/full/197.png
198 - Murkrow,https://www.pokemon.com/static-assets/content-assets/cms2/img/pokedex/full/198.png
199 - Slowking,https://www.pokemon.com/static-assets/content-assets/cms2/img/pokedex/full/199.png
200 - Misdreavus,https://www.pokemon.com/static-assets/content-assets/cms2/img/pokedex/full/200.png
201 - Unown,https://www.pokemon.com/static-assets/content-assets/cms2/img/pokedex/full/201.png
202 - Wobbuffet,https://www.pokemon.com/static-assets/content-assets/cms2/img/pokedex/full/202.png
203 - Girafarig,https://www.pokemon.com/static-assets/content-assets/cms2/img/pokedex/full/203.png
204 - Pineco,https://www.pokemon.com/static-assets/content-assets/cms2/img/pokedex/full/204.png
205 - Forretress,https://www.pokemon.com/static-assets/content-assets/cms2/img/pokedex/full/205.png
206 - Dunsparce,https://www.pokemon.com/static-assets/content-assets/cms2/img/pokedex/full/206.png
207 - Gligar,https://www.pokemon.com/static-assets/content-assets/cms2/img/pokedex/full/207.png
208 - Steelix,https://www.pokemon.com/static-assets/content-assets/cms2/img/pokedex/full/208.png
209 - Snubbull,https://www.pokemon.com/static-assets/content-assets/cms2/img/pokedex/full/209.png
210 - Granbull,https://www.pokemon.com/static-assets/content-assets/cms2/img/pokedex/full/210.png
211 - Qwilfish,https://www.pokemon.com/static-assets/content-assets/cms2/img/pokedex/full/211.png
212 - Scizor,https://www.pokemon.com/static-assets/content-assets/cms2/img/pokedex/full/212.png
213 - Shuckle,https://www.pokemon.com/static-assets/content-assets/cms2/img/pokedex/full/213.png
214 - Heracross,https://www.pokemon.com/static-assets/content-assets/cms2/img/pokedex/full/214.png
215 - Sneasel,https://www.pokemon.com/static-assets/content-assets/cms2/img/pokedex/full/215.png
216 - Teddiursa,https://www.pokemon.com/static-assets/content-assets/cms2/img/pokedex/full/216.png
217 - Ursaring,https://www.pokemon.com/static-assets/content-assets/cms2/img/pokedex/full/217.png
218 - Slugma,https://www.pokemon.com/static-assets/content-assets/cms2/img/pokedex/full/218.png
219 - Magcargo,https://www.pokemon.com/static-assets/content-assets/cms2/img/pokedex/full/219.png
220 - Swinub,https://www.pokemon.com/static-assets/content-assets/cms2/img/pokedex/full/220.png
221 - Piloswine,https://www.pokemon.com/static-assets/content-assets/cms2/img/pokedex/full/221.png
222 - Corsola,https://www.pokemon.com/static-assets/content-assets/cms2/img/pokedex/full/222.png
223 - Remoraid,https://www.pokemon.com/static-assets/content-assets/cms2/img/pokedex/full/223.png
224 - Octillery,https://www.pokemon.com/static-assets/content-assets/cms2/img/pokedex/full/224.png
225 - Delibird,https://www.pokemon.com/static-assets/content-assets/cms2/img/pokedex/full/225.png
226 - Mantine,https://www.pokemon.com/static-assets/content-assets/cms2/img/pokedex/full/226.png
227 - Skarmory,https://www.pokemon.com/static-assets/content-assets/cms2/img/pokedex/full/227.png
228 - Houndour,https://www.pokemon.com/static-assets/content-assets/cms2/img/pokedex/full/228.png
229 - Houndoom,https://www.pokemon.com/static-assets/content-assets/cms2/img/pokedex/full/229.png
230 - Kingdra,https://www.pokemon.com/static-assets/content-assets/cms2/img/pokedex/full/230.png
231 - Phanpy,https://www.pokemon.com/static-assets/content-assets/cms2/img/pokedex/full/231.png
232 - Donphan,https://www.pokemon.com/static-assets/content-assets/cms2/img/pokedex/full/232.png
233 - Porygon2,https://www.pokemon.com/static-assets/content-assets/cms2/img/pokedex/full/233.png
234 - Stantler,https://www.pokemon.com/static-assets/content-assets/cms2/img/pokedex/full/234.png
235 - Smeargle,https://www.pokemon.com/static-assets/content-assets/cms2/img/pokedex/full/235.png
236 - Tyrogue,https://www.pokemon.com/static-assets/content-assets/cms2/img/pokedex/full/236.png
237 - Hitmontop,https://www.pokemon.com/static-assets/content-assets/cms2/img/pokedex/full/237.png
238 - Smoochum,https://www.pokemon.com/static-assets/content-assets/cms2/img/pokedex/full/238.png
239 - Elekid,https://www.pokemon.com/static-assets/content-assets/cms2/img/pokedex/full/239.png
240 - Magby,https://www.pokemon.com/static-assets/content-assets/cms2/img/pokedex/full/240.png
241 - Miltank,https://www.pokemon.com/static-assets/content-assets/cms2/img/pokedex/full/241.png
242 - Blissey,https://www.pokemon.com/static-assets/content-assets/cms2/img/pokedex/full/242.png
243 - Raikou,https://www.pokemon.com/static-assets/content-assets/cms2/img/pokedex/full/243.png
244 - Entei,https://www.pokemon.com/static-assets/content-assets/cms2/img/pokedex/full/244.png
245 - Suicune,https://www.pokemon.com/static-assets/content-assets/cms2/img/pokedex/full/245.png
246 - Larvitar,https://www.pokemon.com/static-assets/content-assets/cms2/img/pokedex/full/246.png
247 - Pupitar,https://www.pokemon.com/static-assets/content-assets/cms2/img/pokedex/full/247.png
248 - Tyranitar,https://www.pokemon.com/static-assets/content-assets/cms2/img/pokedex/full/248.png
249 - Lugia,https://www.pokemon.com/static-assets/content-assets/cms2/img/pokedex/full/249.png
250 - Ho-Oh,https://www.pokemon.com/static-assets/content-assets/cms2/img/pokedex/full/250.png
251 - Celebi,https://www.pokemon.com/static-assets/content-assets/cms2/img/pokedex/full/251.png
252 - Treecko,https://www.pokemon.com/static-assets/content-assets/cms2/img/pokedex/full/252.png
253 - Grovyle,https://www.pokemon.com/static-assets/content-assets/cms2/img/pokedex/full/253.png
254 - Sceptile,https://www.pokemon.com/static-assets/content-assets/cms2/img/pokedex/full/254.png
255 - Torchic,https://www.pokemon.com/static-assets/content-assets/cms2/img/pokedex/full/255.png
256 - Combusken,https://www.pokemon.com/static-assets/content-assets/cms2/img/pokedex/full/256.png
257 - Blaziken,https://www.pokemon.com/static-assets/content-assets/cms2/img/pokedex/full/257.png
258 - Mudkip,https://www.pokemon.com/static-assets/content-assets/cms2/img/pokedex/full/258.png
259 - Marshtomp,https://www.pokemon.com/static-assets/content-assets/cms2/img/pokedex/full/259.png
260 - Swampert,https://www.pokemon.com/static-assets/content-assets/cms2/img/pokedex/full/260.png
261 - Poochyena,https://www.pokemon.com/static-assets/content-assets/cms2/img/pokedex/full/261.png
262 - Mightyena,https://www.pokemon.com/static-assets/content-assets/cms2/img/pokedex/full/262.png
263 - Zigzagoon,https://www.pokemon.com/static-assets/content-assets/cms2/img/pokedex/full/263.png
264 - Linoone,https://www.pokemon.com/static-assets/content-assets/cms2/img/pokedex/full/264.png
265 - Wurmple,https://www.pokemon.com/static-assets/content-assets/cms2/img/pokedex/full/265.png
266 - Silcoon,https://www.pokemon.com/static-assets/content-assets/cms2/img/pokedex/full/266.png
267 - Beautifly,https://www.pokemon.com/static-assets/content-assets/cms2/img/pokedex/full/267.png
268 - Cascoon,https://www.pokemon.com/static-assets/content-assets/cms2/img/pokedex/full/268.png
269 - Dustox,https://www.pokemon.com/static-assets/content-assets/cms2/img/pokedex/full/269.png
270 - Lotad,https://www.pokemon.com/static-assets/content-assets/cms2/img/pokedex/full/270.png
271 - Lombre,https://www.pokemon.com/static-assets/content-assets/cms2/img/pokedex/full/271.png
272 - Ludicolo,https://www.pokemon.com/static-assets/content-assets/cms2/img/pokedex/full/272.png
273 - Seedot,https://www.pokemon.com/static-assets/content-assets/cms2/img/pokedex/full/273.png
274 - Nuzleaf,https://www.pokemon.com/static-assets/content-assets/cms2/img/pokedex/full/274.png
275 - Shiftry,https://www.pokemon.com/static-assets/content-assets/cms2/img/pokedex/full/275.png
276 - Taillow,https://www.pokemon.com/static-assets/content-assets/cms2/img/pokedex/full/276.png
277 - Swellow,https://www.pokemon.com/static-assets/content-assets/cms2/img/pokedex/full/277.png
278 - Wingull,https://www.pokemon.com/static-assets/content-assets/cms2/img/pokedex/full/278.png
279 - Pelipper,https://www.pokemon.com/static-assets/content-assets/cms2/img/pokedex/full/279.png
280 - Ralts,https://www.pokemon.com/static-assets/content-assets/cms2/img/pokedex/full/280.png
281 - Kirlia,https://www.pokemon.com/static-assets/content-assets/cms2/img/pokedex/full/281.png
282 - Gardevoir,https://www.pokemon.com/static-assets/content-assets/cms2/img/pokedex/full/282.png
283 - Surskit,https://www.pokemon.com/static-assets/content-assets/cms2/img/pokedex/full/283.png
284 - Masquerain,https://www.pokemon.com/static-assets/content-assets/cms2/img/pokedex/full/284.png
285 - Shroomish,https://www.pokemon.com/static-assets/content-assets/cms2/img/pokedex/full/285.png
286 - Breloom,https://www.pokemon.com/static-assets/content-assets/cms2/img/pokedex/full/286.png
287 - Slakoth,https://www.pokemon.com/static-assets/content-assets/cms2/img/pokedex/full/287.png
288 - Vigoroth,https://www.pokemon.com/static-assets/content-assets/cms2/img/pokedex/full/288.png
289 - Slaking,https://www.pokemon.com/static-assets/content-assets/cms2/img/pokedex/full/289.png
290 - Nincada,https://www.pokemon.com/static-assets/content-assets/cms2/img/pokedex/full/290.png
291 - Ninjask,https://www.pokemon.com/static-assets/content-assets/cms2/img/pokedex/full/291.png
292 - Shedinja,https://www.pokemon.com/static-assets/content-assets/cms2/img/pokedex/full/292.png
293 - Whismur,https://www.pokemon.com/static-assets/content-assets/cms2/img/pokedex/full/293.png
294 - Loudred,https://www.pokemon.com/static-assets/content-assets/cms2/img/pokedex/full/294.png
295 - Exploud,https://www.pokemon.com/static-assets/content-assets/cms2/img/pokedex/full/295.png
296 - Makuhita,https://www.pokemon.com/static-assets/content-assets/cms2/img/pokedex/full/296.png
297 - Hariyama,https://www.pokemon.com/static-assets/content-assets/cms2/img/pokedex/full/297.png
298 - Azurill,https://www.pokemon.com/static-assets/content-assets/cms2/img/pokedex/full/298.png
299 - Nosepass,https://www.pokemon.com/static-assets/content-assets/cms2/img/pokedex/full/299.png
300 - Skitty,https://www.pokemon.com/static-assets/content-assets/cms2/img/pokedex/full/300.png
301 - Delcatty,https://www.pokemon.com/static-assets/content-assets/cms2/img/pokedex/full/301.png
302 - Sableye,https://www.pokemon.com/static-assets/content-assets/cms2/img/pokedex/full/302.png
303 - Mawile,https://www.pokemon.com/static-assets/content-assets/cms2/img/pokedex/full/303.png
304 - Aron,https://www.pokemon.com/static-assets/content-assets/cms2/img/pokedex/full/304.png
305 - Lairon,https://www.pokemon.com/static-assets/content-assets/cms2/img/pokedex/full/305.png
306 - Aggron,https://www.pokemon.com/static-assets/content-assets/cms2/img/pokedex/full/306.png
307 - Meditite,https://www.pokemon.com/static-assets/content-assets/cms2/img/pokedex/full/307.png
308 - Medicham,https://www.pokemon.com/static-assets/content-assets/cms2/img/pokedex/full/308.png
309 - Electrike,https://www.pokemon.com/static-assets/content-assets/cms2/img/pokedex/full/309.png
310 - Manectric,https://www.pokemon.com/static-assets/content-assets/cms2/img/pokedex/full/310.png
311 - Plusle,https://www.pokemon.com/static-assets/content-assets/cms2/img/pokedex/full/311.png
312 - Minun,https://www.pokemon.com/static-assets/content-assets/cms2/img/pokedex/full/312.png
313 - Volbeat,https://www.pokemon.com/static-assets/content-assets/cms2/img/pokedex/full/313.png
314 - Illumise,https://www.pokemon.com/static-assets/content-assets/cms2/img/pokedex/full/314.png
315 - Roselia,https://www.pokemon.com/static-assets/content-assets/cms2/img/pokedex/full/315.png
316 - Gulpin,https://www.pokemon.com/static-assets/content-assets/cms2/img/pokedex/full/316.png
317 - Swalot,https://www.pokemon.com/static-assets/content-assets/cms2/img/pokedex/full/317.png
318 - Carvanha,https://www.pokemon.com/static-assets/content-assets/cms2/img/pokedex/full/318.png
319 - Sharpedo,https://www.pokemon.com/static-assets/content-assets/cms2/img/pokedex/full/319.png
320 - Wailmer,https://www.pokemon.com/static-assets/content-assets/cms2/img/pokedex/full/320.png
321 - Wailord,https://www.pokemon.com/static-assets/content-assets/cms2/img/pokedex/full/321.png
322 - Numel,https://www.pokemon.com/static-assets/content-assets/cms2/img/pokedex/full/322.png
323 - Camerupt,https://www.pokemon.com/static-assets/content-assets/cms2/img/pokedex/full/323.png
324 - Torkoal,https://www.pokemon.com/static-assets/content-assets/cms2/img/pokedex/full/324.png
325 - Spoink,https://www.pokemon.com/static-assets/content-assets/cms2/img/pokedex/full/325.png
326 - Grumpig,https://www.pokemon.com/static-assets/content-assets/cms2/img/pokedex/full/326.png
327 - Spinda,https://www.pokemon.com/static-assets/content-assets/cms2/img/pokedex/full/327.png
328 - Trapinch,https://www.pokemon.com/static-assets/content-assets/cms2/img/pokedex/full/328.png
329 - Vibrava,https://www.pokemon.com/static-assets/content-assets/cms2/img/pokedex/full/329.png
330 - Flygon,https://www.pokemon.com/static-assets/content-assets/cms2/img/pokedex/full/330.png
331 - Cacnea,https://www.pokemon.com/static-assets/content-assets/cms2/img/pokedex/full/331.png
332 - Cacturne,https://www.pokemon.com/static-assets/content-assets/cms2/img/pokedex/full/332.png
333 - Swablu,https://www.pokemon.com/static-assets/content-assets/cms2/img/pokedex/full/333.png
334 - Altaria,https://www.pokemon.com/static-assets/content-assets/cms2/img/pokedex/full/334.png
335 - Zangoose,https://www.pokemon.com/static-assets/content-assets/cms2/img/pokedex/full/335.png
336 - Seviper,https://www.pokemon.com/static-assets/content-assets/cms2/img/pokedex/full/336.png
337 - Lunatone,https://www.pokemon.com/static-assets/content-assets/cms2/img/pokedex/full/337.png
338 - Solrock,https://www.pokemon.com/static-assets/content-assets/cms2/img/pokedex/full/338.png
339 - Barboach,https://www.pokemon.com/static-assets/content-assets/cms2/img/pokedex/full/339.png
340 - Whiscash,https://www.pokemon.com/static-assets/content-assets/cms2/img/pokedex/full/340.png
341 - Corphish,https://www.pokemon.com/static-assets/content-assets/cms2/img/pokedex/full/341.png
342 - Crawdaunt,https://www.pokemon.com/static-assets/content-assets/cms2/img/pokedex/full/342.png
343 - Baltoy,https://www.pokemon.com/static-assets/content-assets/cms2/img/pokedex/full/343.png
344 - Claydol,https://www.pokemon.com/static-assets/content-assets/cms2/img/pokedex/full/344.png
345 - Lileep,https://www.pokemon.com/static-assets/content-assets/cms2/img/pokedex/full/345.png
346 - Cradily,https://www.pokemon.com/static-assets/content-assets/cms2/img/pokedex/full/346.png
347 - Anorith,https://www.pokemon.com/static-assets/content-assets/cms2/img/pokedex/full/347.png
348 - Armaldo,https://www.pokemon.com/static-assets/content-assets/cms2/img/pokedex/full/348.png
349 - Feebas,https://www.pokemon.com/static-assets/content-assets/cms2/img/pokedex/full/349.png
350 - Milotic,https://www.pokemon.com/static-assets/content-assets/cms2/img/pokedex/full/350.png
351 - Castform,https://www.pokemon.com/static-assets/content-assets/cms2/img/pokedex/full/351.png
352 - Kecleon,https://www.pokemon.com/static-assets/content-assets/cms2/img/pokedex/full/352.png
353 - Shuppet,https://www.pokemon.com/static-assets/content-assets/cms2/img/pokedex/full/353.png
354 - Banette,https://www.pokemon.com/static-assets/content-assets/cms2/img/pokedex/full/354.png
355 - Duskull,https://www.pokemon.com/static-assets/content-assets/cms2/img/pokedex/full/355.png
356 - Dusclops,https://www.pokemon.com/static-assets/content-assets/cms2/img/pokedex/full/356.png
357 - Tropius,https://www.pokemon.com/static-assets/content-assets/cms2/img/pokedex/full/357.png
358 - Chimecho,https://www.pokemon.com/static-assets/content-assets/cms2/img/pokedex/full/358.png
359 - Absol,https://www.pokemon.com/static-assets/content-assets/cms2/img/pokedex/full/359.png
360 - Wynaut,https://www.pokemon.com/static-assets/content-assets/cms2/img/pokedex/full/360.png
361 - Snorunt,https://www.pokemon.com/static-assets/content-assets/cms2/img/pokedex/full/361.png
362 - Glalie,https://www.pokemon.com/static-assets/content-assets/cms2/img/pokedex/full/362.png
363 - Spheal,https://www.pokemon.com/static-assets/content-assets/cms2/img/pokedex/full/363.png
364 - Sealeo,https://www.pokemon.com/static-assets/content-assets/cms2/img/pokedex/full/364.png
365 - Walrein,https://www.pokemon.com/static-assets/content-assets/cms2/img/pokedex/full/365.png
366 - Clamperl,https://www.pokemon.com/static-assets/content-assets/cms2/img/pokedex/full/366.png
367 - Huntail,https://www.pokemon.com/static-assets/content-assets/cms2/img/pokedex/full/367.png
368 - Gorebyss,https://www.pokemon.com/static-assets/content-assets/cms2/img/pokedex/full/368.png
369 - Relicanth,https://www.pokemon.com/static-assets/content-assets/cms2/img/pokedex/full/369.png
370 - Luvdisc,https://www.pokemon.com/static-assets/content-assets/cms2/img/pokedex/full/370.png
371 - Bagon,https://www.pokemon.com/static-assets/content-assets/cms2/img/pokedex/full/371.png
372 - Shelgon,https://www.pokemon.com/static-assets/content-assets/cms2/img/pokedex/full/372.png
373 - Salamence,https://www.pokemon.com/static-assets/content-assets/cms2/img/pokedex/full/373.png
374 - Beldum,https://www.pokemon.com/static-assets/content-assets/cms2/img/pokedex/full/374.png
375 - Metang,https://www.pokemon.com/static-assets/content-assets/cms2/img/pokedex/full/375.png
376 - Metagross,https://www.pokemon.com/static-assets/content-assets/cms2/img/pokedex/full/376.png
377 - Regirock,https://www.pokemon.com/static-assets/content-assets/cms2/img/pokedex/full/377.png
378 - Regice,https://www.pokemon.com/static-assets/content-assets/cms2/img/pokedex/full/378.png
379 - Registeel,https://www.pokemon.com/static-assets/content-assets/cms2/img/pokedex/full/379.png
380 - Latias,https://www.pokemon.com/static-assets/content-assets/cms2/img/pokedex/full/380.png
381 - Latios,https://www.pokemon.com/static-assets/content-assets/cms2/img/pokedex/full/381.png
382 - Kyogre,https://www.pokemon.com/static-assets/content-assets/cms2/img/pokedex/full/382.png
383 - Groudon,https://www.pokemon.com/static-assets/content-assets/cms2/img/pokedex/full/383.png
384 - Rayquaza,https://www.pokemon.com/static-assets/content-assets/cms2/img/pokedex/full/384.png
385 - Jirachi,https://www.pokemon.com/static-assets/content-assets/cms2/img/pokedex/full/385.png
386 - Deoxys,https://www.pokemon.com/static-assets/content-assets/cms2/img/pokedex/full/386.png
387 - Turtwig,https://www.pokemon.com/static-assets/content-assets/cms2/img/pokedex/full/387.png
388 - Grotle,https://www.pokemon.com/static-assets/content-assets/cms2/img/pokedex/full/388.png
389 - Torterra,https://www.pokemon.com/static-assets/content-assets/cms2/img/pokedex/full/389.png
390 - Chimchar,https://www.pokemon.com/static-assets/content-assets/cms2/img/pokedex/full/390.png
391 - Monferno,https://www.pokemon.com/static-assets/content-assets/cms2/img/pokedex/full/391.png
392 - Infernape,https://www.pokemon.com/static-assets/content-assets/cms2/img/pokedex/full/392.png
393 - Piplup,https://www.pokemon.com/static-assets/content-assets/cms2/img/pokedex/full/393.png
394 - Prinplup,https://www.pokemon.com/static-assets/content-assets/cms2/img/pokedex/full/394.png
395 - Empoleon,https://www.pokemon.com/static-assets/content-assets/cms2/img/pokedex/full/395.png
396 - Starly,https://www.pokemon.com/static-assets/content-assets/cms2/img/pokedex/full/396.png
397 - Staravia,https://www.pokemon.com/static-assets/content-assets/cms2/img/pokedex/full/397.png
398 - Staraptor,https://www.pokemon.com/static-assets/content-assets/cms2/img/pokedex/full/398.png
399 - Bidoof,https://www.pokemon.com/static-assets/content-assets/cms2/img/pokedex/full/399.png
400 - Bibarel,https://www.pokemon.com/static-assets/content-assets/cms2/img/pokedex/full/400.png
401 - Kricketot,https://www.pokemon.com/static-assets/content-assets/cms2/img/pokedex/full/401.png
402 - Kricketune,https://www.pokemon.com/static-assets/content-assets/cms2/img/pokedex/full/402.png
403 - Shinx,https://www.pokemon.com/static-assets/content-assets/cms2/img/pokedex/full/403.png
404 - Luxio,https://www.pokemon.com/static-assets/content-assets/cms2/img/pokedex/full/404.png
405 - Luxray,https://www.pokemon.com/static-assets/content-assets/cms2/img/pokedex/full/405.png
406 - Budew,https://www.pokemon.com/static-assets/content-assets/cms2/img/pokedex/full/406.png
407 - Roserade,https://www.pokemon.com/static-assets/content-assets/cms2/img/pokedex/full/407.png
408 - Cranidos,https://www.pokemon.com/static-assets/content-assets/cms2/img/pokedex/full/408.png
409 - Rampardos,https://www.pokemon.com/static-assets/content-assets/cms2/img/pokedex/full/409.png
410 - Shieldon,https://www.pokemon.com/static-assets/content-assets/cms2/img/pokedex/full/410.png
411 - Bastiodon,https://www.pokemon.com/static-assets/content-assets/cms2/img/pokedex/full/411.png
412 - Burmy,https://www.pokemon.com/static-assets/content-assets/cms2/img/pokedex/full/412.png
413 - Wormadam,https://www.pokemon.com/static-assets/content-assets/cms2/img/pokedex/full/413.png
414 - Mothim,https://www.pokemon.com/static-assets/content-assets/cms2/img/pokedex/full/414.png
415 - Combee,https://www.pokemon.com/static-assets/content-assets/cms2/img/pokedex/full/415.png
416 - Vespiquen,https://www.pokemon.com/static-assets/content-assets/cms2/img/pokedex/full/416.png
417 - Pachirisu,https://www.pokemon.com/static-assets/content-assets/cms2/img/pokedex/full/417.png
418 - Buizel,https://www.pokemon.com/static-assets/content-assets/cms2/img/pokedex/full/418.png
419 - Floatzel,https://www.pokemon.com/static-assets/content-assets/cms2/img/pokedex/full/419.png
420 - Cherubi,https://www.pokemon.com/static-assets/content-assets/cms2/img/pokedex/full/420.png
421 - Cherrim,https://www.pokemon.com/static-assets/content-assets/cms2/img/pokedex/full/421.png
422 - Shellos,https://www.pokemon.com/static-assets/content-assets/cms2/img/pokedex/full/422.png
423 - Gastrodon,https://www.pokemon.com/static-assets/content-assets/cms2/img/pokedex/full/423.png
424 - Ambipom,https://www.pokemon.com/static-assets/content-assets/cms2/img/pokedex/full/424.png
425 - Drifloon,https://www.pokemon.com/static-assets/content-assets/cms2/img/pokedex/full/425.png
426 - Drifblim,https://www.pokemon.com/static-assets/content-assets/cms2/img/pokedex/full/426.png
427 - Buneary,https://www.pokemon.com/static-assets/content-assets/cms2/img/pokedex/full/427.png
428 - Lopunny,https://www.pokemon.com/static-assets/content-assets/cms2/img/pokedex/full/428.png
429 - Mismagius,https://www.pokemon.com/static-assets/content-assets/cms2/img/pokedex/full/429.png
430 - Honchkrow,https://www.pokemon.com/static-assets/content-assets/cms2/img/pokedex/full/430.png
431 - Glameow,https://www.pokemon.com/static-assets/content-assets/cms2/img/pokedex/full/431.png
432 - Purugly,https://www.pokemon.com/static-assets/content-assets/cms2/img/pokedex/full/432.png
433 - Chingling,https://www.pokemon.com/static-assets/content-assets/cms2/img/pokedex/full/433.png
434 - Stunky,https://www.pokemon.com/static-assets/content-assets/cms2/img/pokedex/full/434.png
435 - Skuntank,https://www.pokemon.com/static-assets/content-assets/cms2/img/pokedex/full/435.png
436 - Bronzor,https://www.pokemon.com/static-assets/content-assets/cms2/img/pokedex/full/436.png
437 - Bronzong,https://www.pokemon.com/static-assets/content-assets/cms2/img/pokedex/full/437.png
438 - Bonsly,https://www.pokemon.com/static-assets/content-assets/cms2/img/pokedex/full/438.png
439 - Mime_Jr.,https://www.pokemon.com/static-assets/content-assets/cms2/img/pokedex/full/439.png
440 - Happiny,https://www.pokemon.com/static-assets/content-assets/cms2/img/pokedex/full/440.png
441 - Chatot,https://www.pokemon.com/static-assets/content-assets/cms2/img/pokedex/full/441.png
442 - Spiritomb,https://www.pokemon.com/static-assets/content-assets/cms2/img/pokedex/full/442.png
443 - Gible,https://www.pokemon.com/static-assets/content-assets/cms2/img/pokedex/full/443.png
444 - Gabite,https://www.pokemon.com/static-assets/content-assets/cms2/img/pokedex/full/444.png
445 - Garchomp,https://www.pokemon.com/static-assets/content-assets/cms2/img/pokedex/full/445.png
446 - Munchlax,https://www.pokemon.com/static-assets/content-assets/cms2/img/pokedex/full/446.png
447 - Riolu,https://www.pokemon.com/static-assets/content-assets/cms2/img/pokedex/full/447.png
448 - Lucario,https://www.pokemon.com/static-assets/content-assets/cms2/img/pokedex/full/448.png
449 - Hippopotas,https://www.pokemon.com/static-assets/content-assets/cms2/img/pokedex/full/449.png
450 - Hippowdon,https://www.pokemon.com/static-assets/content-assets/cms2/img/pokedex/full/450.png
451 - Skorupi,https://www.pokemon.com/static-assets/content-assets/cms2/img/pokedex/full/451.png
452 - Drapion,https://www.pokemon.com/static-assets/content-assets/cms2/img/pokedex/full/452.png
453 - Croagunk,https://www.pokemon.com/static-assets/content-assets/cms2/img/pokedex/full/453.png
454 - Toxicroak,https://www.pokemon.com/static-assets/content-assets/cms2/img/pokedex/full/454.png
455 - Carnivine,https://www.pokemon.com/static-assets/content-assets/cms2/img/pokedex/full/455.png
456 - Finneon,https://www.pokemon.com/static-assets/content-assets/cms2/img/pokedex/full/456.png
457 - Lumineon,https://www.pokemon.com/static-assets/content-assets/cms2/img/pokedex/full/457.png
458 - Mantyke,https://www.pokemon.com/static-assets/content-assets/cms2/img/pokedex/full/458.png
459 - Snover,https://www.pokemon.com/static-assets/content-assets/cms2/img/pokedex/full/459.png
460 - Abomasnow,https://www.pokemon.com/static-assets/content-assets/cms2/img/pokedex/full/460.png
461 - Weavile,https://www.pokemon.com/static-assets/content-assets/cms2/img/pokedex/full/461.png
462 - Magnezone,https://www.pokemon.com/static-assets/content-assets/cms2/img/pokedex/full/462.png
463 - Lickilicky,https://www.pokemon.com/static-assets/content-assets/cms2/img/pokedex/full/463.png
464 - Rhyperior,https://www.pokemon.com/static-assets/content-assets/cms2/img/pokedex/full/464.png
465 - Tangrowth,https://www.pokemon.com/static-assets/content-assets/cms2/img/pokedex/full/465.png
466 - Electivire,https://www.pokemon.com/static-assets/content-assets/cms2/img/pokedex/full/466.png
467 - Magmortar,https://www.pokemon.com/static-assets/content-assets/cms2/img/pokedex/full/467.png
468 - Togekiss,https://www.pokemon.com/static-assets/content-assets/cms2/img/pokedex/full/468.png
469 - Yanmega,https://www.pokemon.com/static-assets/content-assets/cms2/img/pokedex/full/469.png
470 - Leafeon,https://www.pokemon.com/static-assets/content-assets/cms2/img/pokedex/full/470.png
471 - Glaceon,https://www.pokemon.com/static-assets/content-assets/cms2/img/pokedex/full/471.png
472 - Gliscor,https://www.pokemon.com/static-assets/content-assets/cms2/img/pokedex/full/472.png
473 - Mamoswine,https://www.pokemon.com/static-assets/content-assets/cms2/img/pokedex/full/473.png
474 - Porygon-Z,https://www.pokemon.com/static-assets/content-assets/cms2/img/pokedex/full/474.png
475 - Gallade,https://www.pokemon.com/static-assets/content-assets/cms2/img/pokedex/full/475.png
476 - Probopass,https://www.pokemon.com/static-assets/content-assets/cms2/img/pokedex/full/476.png
477 - Dusknoir,https://www.pokemon.com/static-assets/content-assets/cms2/img/pokedex/full/477.png
478 - Froslass,https://www.pokemon.com/static-assets/content-assets/cms2/img/pokedex/full/478.png
479 - Rotom,https://www.pokemon.com/static-assets/content-assets/cms2/img/pokedex/full/479.png
480 - Uxie,https://www.pokemon.com/static-assets/content-assets/cms2/img/pokedex/full/480.png
481 - Mesprit,https://www.pokemon.com/static-assets/content-assets/cms2/img/pokedex/full/481.png
482 - Azelf,https://www.pokemon.com/static-assets/content-assets/cms2/img/pokedex/full/482.png
483 - Dialga,https://www.pokemon.com/static-assets/content-assets/cms2/img/pokedex/full/483.png
484 - Palkia,https://www.pokemon.com/static-assets/content-assets/cms2/img/pokedex/full/484.png
485 - Heatran,https://www.pokemon.com/static-assets/content-assets/cms2/img/pokedex/full/485.png
486 - Regigigas,https://www.pokemon.com/static-assets/content-assets/cms2/img/pokedex/full/486.png
487 - Giratina,https://www.pokemon.com/static-assets/content-assets/cms2/img/pokedex/full/487.png
488 - Cresselia,https://www.pokemon.com/static-assets/content-assets/cms2/img/pokedex/full/488.png
489 - Phione,https://www.pokemon.com/static-assets/content-assets/cms2/img/pokedex/full/489.png
490 - Manaphy,https://www.pokemon.com/static-assets/content-assets/cms2/img/pokedex/full/490.png
491 - Darkrai,https://www.pokemon.com/static-assets/content-assets/cms2/img/pokedex/full/491.png
492 - Shaymin,https://www.pokemon.com/static-assets/content-assets/cms2/img/pokedex/full/492.png
493 - Arceus,https://www.pokemon.com/static-assets/content-assets/cms2/img/pokedex/full/493.png
494 - Victini,https://www.pokemon.com/static-assets/content-assets/cms2/img/pokedex/full/494.png
495 - Snivy,https://www.pokemon.com/static-assets/content-assets/cms2/img/pokedex/full/495.png
496 - Servine,https://www.pokemon.com/static-assets/content-assets/cms2/img/pokedex/full/496.png
497 - Serperior,https://www.pokemon.com/static-assets/content-assets/cms2/img/pokedex/full/497.png
498 - Tepig,https://www.pokemon.com/static-assets/content-assets/cms2/img/pokedex/full/498.png
499 - Pignite,https://www.pokemon.com/static-assets/content-assets/cms2/img/pokedex/full/499.png
500 - Emboar,https://www.pokemon.com/static-assets/content-assets/cms2/img/pokedex/full/500.png
501 - Oshawott,https://www.pokemon.com/static-assets/content-assets/cms2/img/pokedex/full/501.png
502 - Dewott,https://www.pokemon.com/static-assets/content-assets/cms2/img/pokedex/full/502.png
503 - Samurott,https://www.pokemon.com/static-assets/content-assets/cms2/img/pokedex/full/503.png
504 - Patrat,https://www.pokemon.com/static-assets/content-assets/cms2/img/pokedex/full/504.png
505 - Watchog,https://www.pokemon.com/static-assets/content-assets/cms2/img/pokedex/full/505.png
506 - Lillipup,https://www.pokemon.com/static-assets/content-assets/cms2/img/pokedex/full/506.png
507 - Herdier,https://www.pokemon.com/static-assets/content-assets/cms2/img/pokedex/full/507.png
508 - Stoutland,https://www.pokemon.com/static-assets/content-assets/cms2/img/pokedex/full/508.png
509 - Purrloin,https://www.pokemon.com/static-assets/content-assets/cms2/img/pokedex/full/509.png
510 - Liepard,https://www.pokemon.com/static-assets/content-assets/cms2/img/pokedex/full/510.png
511 - Pansage,https://www.pokemon.com/static-assets/content-assets/cms2/img/pokedex/full/511.png
512 - Simisage,https://www.pokemon.com/static-assets/content-assets/cms2/img/pokedex/full/512.png
513 - Pansear,https://www.pokemon.com/static-assets/content-assets/cms2/img/pokedex/full/513.png
514 - Simisear,https://www.pokemon.com/static-assets/content-assets/cms2/img/pokedex/full/514.png
515 - Panpour,https://www.pokemon.com/static-assets/content-assets/cms2/img/pokedex/full/515.png
516 - Simipour,https://www.pokemon.com/static-assets/content-assets/cms2/img/pokedex/full/516.png
517 - Munna,https://www.pokemon.com/static-assets/content-assets/cms2/img/pokedex/full/517.png
518 - Musharna,https://www.pokemon.com/static-assets/content-assets/cms2/img/pokedex/full/518.png
519 - Pidove,https://www.pokemon.com/static-assets/content-assets/cms2/img/pokedex/full/519.png
520 - Tranquill,https://www.pokemon.com/static-assets/content-assets/cms2/img/pokedex/full/520.png
521 - Unfezant,https://www.pokemon.com/static-assets/content-assets/cms2/img/pokedex/full/521.png
522 - Blitzle,https://www.pokemon.com/static-assets/content-assets/cms2/img/pokedex/full/522.png
523 - Zebstrika,https://www.pokemon.com/static-assets/content-assets/cms2/img/pokedex/full/523.png
524 - Roggenrola,https://www.pokemon.com/static-assets/content-assets/cms2/img/pokedex/full/524.png
525 - Boldore,https://www.pokemon.com/static-assets/content-assets/cms2/img/pokedex/full/525.png
526 - Gigalith,https://www.pokemon.com/static-assets/content-assets/cms2/img/pokedex/full/526.png
527 - Woobat,https://www.pokemon.com/static-assets/content-assets/cms2/img/pokedex/full/527.png
528 - Swoobat,https://www.pokemon.com/static-assets/content-assets/cms2/img/pokedex/full/528.png
529 - Drilbur,https://www.pokemon.com/static-assets/content-assets/cms2/img/pokedex/full/529.png
530 - Excadrill,https://www.pokemon.com/static-assets/content-assets/cms2/img/pokedex/full/530.png
531 - Audino,https://www.pokemon.com/static-assets/content-assets/cms2/img/pokedex/full/531.png
532 - Timburr,https://www.pokemon.com/static-assets/content-assets/cms2/img/pokedex/full/532.png
533 - Gurdurr,https://www.pokemon.com/static-assets/content-assets/cms2/img/pokedex/full/533.png
534 - Conkeldurr,https://www.pokemon.com/static-assets/content-assets/cms2/img/pokedex/full/534.png
535 - Tympole,https://www.pokemon.com/static-assets/content-assets/cms2/img/pokedex/full/535.png
536 - Palpitoad,https://www.pokemon.com/static-assets/content-assets/cms2/img/pokedex/full/536.png
537 - Seismitoad,https://www.pokemon.com/static-assets/content-assets/cms2/img/pokedex/full/537.png
538 - Throh,https://www.pokemon.com/static-assets/content-assets/cms2/img/pokedex/full/538.png
539 - Sawk,https://www.pokemon.com/static-assets/content-assets/cms2/img/pokedex/full/539.png
540 - Sewaddle,https://www.pokemon.com/static-assets/content-assets/cms2/img/pokedex/full/540.png
541 - Swadloon,https://www.pokemon.com/static-assets/content-assets/cms2/img/pokedex/full/541.png
542 - Leavanny,https://www.pokemon.com/static-assets/content-assets/cms2/img/pokedex/full/542.png
543 - Venipede,https://www.pokemon.com/static-assets/content-assets/cms2/img/pokedex/full/543.png
544 - Whirlipede,https://www.pokemon.com/static-assets/content-assets/cms2/img/pokedex/full/544.png
545 - Scolipede,https://www.pokemon.com/static-assets/content-assets/cms2/img/pokedex/full/545.png
546 - Cottonee,https://www.pokemon.com/static-assets/content-assets/cms2/img/pokedex/full/546.png
547 - Whimsicott,https://www.pokemon.com/static-assets/content-assets/cms2/img/pokedex/full/547.png
548 - Petilil,https://www.pokemon.com/static-assets/content-assets/cms2/img/pokedex/full/548.png
549 - Lilligant,https://www.pokemon.com/static-assets/content-assets/cms2/img/pokedex/full/549.png
550 - Basculin,https://www.pokemon.com/static-assets/content-assets/cms2/img/pokedex/full/550.png
551 - Sandile,https://www.pokemon.com/static-assets/content-assets/cms2/img/pokedex/full/551.png
552 - Krokorok,https://www.pokemon.com/static-assets/content-assets/cms2/img/pokedex/full/552.png
553 - Krookodile,https://www.pokemon.com/static-assets/content-assets/cms2/img/pokedex/full/553.png
554 - Darumaka,https://www.pokemon.com/static-assets/content-assets/cms2/img/pokedex/full/554.png
555 - Darmanitan,https://www.pokemon.com/static-assets/content-assets/cms2/img/pokedex/full/555.png
556 - Maractus,https://www.pokemon.com/static-assets/content-assets/cms2/img/pokedex/full/556.png
557 - Dwebble,https://www.pokemon.com/static-assets/content-assets/cms2/img/pokedex/full/557.png
558 - Crustle,https://www.pokemon.com/static-assets/content-assets/cms2/img/pokedex/full/558.png
559 - Scraggy,https://www.pokemon.com/static-assets/content-assets/cms2/img/pokedex/full/559.png
560 - Scrafty,https://www.pokemon.com/static-assets/content-assets/cms2/img/pokedex/full/560.png
561 - Sigilyph,https://www.pokemon.com/static-assets/content-assets/cms2/img/pokedex/full/561.png
562 - Yamask,https://www.pokemon.com/static-assets/content-assets/cms2/img/pokedex/full/562.png
563 - Cofagrigus,https://www.pokemon.com/static-assets/content-assets/cms2/img/pokedex/full/563.png
564 - Tirtouga,https://www.pokemon.com/static-assets/content-assets/cms2/img/pokedex/full/564.png
565 - Carracosta,https://www.pokemon.com/static-assets/content-assets/cms2/img/pokedex/full/565.png
566 - Archen,https://www.pokemon.com/static-assets/content-assets/cms2/img/pokedex/full/566.png
567 - Archeops,https://www.pokemon.com/static-assets/content-assets/cms2/img/pokedex/full/567.png
568 - Trubbish,https://www.pokemon.com/static-assets/content-assets/cms2/img/pokedex/full/568.png
569 - Garbodor,https://www.pokemon.com/static-assets/content-assets/cms2/img/pokedex/full/569.png
570 - Zorua,https://www.pokemon.com/static-assets/content-assets/cms2/img/pokedex/full/570.png
571 - Zoroark,https://www.pokemon.com/static-assets/content-assets/cms2/img/pokedex/full/571.png
572 - Minccino,https://www.pokemon.com/static-assets/content-assets/cms2/img/pokedex/full/572.png
573 - Cinccino,https://www.pokemon.com/static-assets/content-assets/cms2/img/pokedex/full/573.png
574 - Gothita,https://www.pokemon.com/static-assets/content-assets/cms2/img/pokedex/full/574.png
575 - Gothorita,https://www.pokemon.com/static-assets/content-assets/cms2/img/pokedex/full/575.png
576 - Gothitelle,https://www.pokemon.com/static-assets/content-assets/cms2/img/pokedex/full/576.png
577 - Solosis,https://www.pokemon.com/static-assets/content-assets/cms2/img/pokedex/full/577.png
578 - Duosion,https://www.pokemon.com/static-assets/content-assets/cms2/img/pokedex/full/578.png
579 - Reuniclus,https://www.pokemon.com/static-assets/content-assets/cms2/img/pokedex/full/579.png
580 - Ducklett,https://www.pokemon.com/static-assets/content-assets/cms2/img/pokedex/full/580.png
581 - Swanna,https://www.pokemon.com/static-assets/content-assets/cms2/img/pokedex/full/581.png
582 - Vanillite,https://www.pokemon.com/static-assets/content-assets/cms2/img/pokedex/full/582.png
583 - Vanillish,https://www.pokemon.com/static-assets/content-assets/cms2/img/pokedex/full/583.png
584 - Vanilluxe,https://www.pokemon.com/static-assets/content-assets/cms2/img/pokedex/full/584.png
585 - Deerling,https://www.pokemon.com/static-assets/content-assets/cms2/img/pokedex/full/585.png
586 - Sawsbuck,https://www.pokemon.com/static-assets/content-assets/cms2/img/pokedex/full/586.png
587 - Emolga,https://www.pokemon.com/static-assets/content-assets/cms2/img/pokedex/full/587.png
588 - Karrablast,https://www.pokemon.com/static-assets/content-assets/cms2/img/pokedex/full/588.png
589 - Escavalier,https://www.pokemon.com/static-assets/content-assets/cms2/img/pokedex/full/589.png
590 - Foongus,https://www.pokemon.com/static-assets/content-assets/cms2/img/pokedex/full/590.png
591 - Amoonguss,https://www.pokemon.com/static-assets/content-assets/cms2/img/pokedex/full/591.png
592 - Frillish,https://www.pokemon.com/static-assets/content-assets/cms2/img/pokedex/full/592.png
593 - Jellicent,https://www.pokemon.com/static-assets/content-assets/cms2/img/pokedex/full/593.png
594 - Alomomola,https://www.pokemon.com/static-assets/content-assets/cms2/img/pokedex/full/594.png
595 - Joltik,https://www.pokemon.com/static-assets/content-assets/cms2/img/pokedex/full/595.png
596 - Galvantula,https://www.pokemon.com/static-assets/content-assets/cms2/img/pokedex/full/596.png
597 - Ferroseed,https://www.pokemon.com/static-assets/content-assets/cms2/img/pokedex/full/597.png
598 - Ferrothorn,https://www.pokemon.com/static-assets/content-assets/cms2/img/pokedex/full/598.png
599 - Klink,https://www.pokemon.com/static-assets/content-assets/cms2/img/pokedex/full/599.png
600 - Klang,https://www.pokemon.com/static-assets/content-assets/cms2/img/pokedex/full/600.png
601 - Klinklang,https://www.pokemon.com/static-assets/content-assets/cms2/img/pokedex/full/601.png
602 - Tynamo,https://www.pokemon.com/static-assets/content-assets/cms2/img/pokedex/full/602.png
603 - Eelektrik,https://www.pokemon.com/static-assets/content-assets/cms2/img/pokedex/full/603.png
604 - Eelektross,https://www.pokemon.com/static-assets/content-assets/cms2/img/pokedex/full/604.png
605 - Elgyem,https://www.pokemon.com/static-assets/content-assets/cms2/img/pokedex/full/605.png
606 - Beheeyem,https://www.pokemon.com/static-assets/content-assets/cms2/img/pokedex/full/606.png
607 - Litwick,https://www.pokemon.com/static-assets/content-assets/cms2/img/pokedex/full/607.png
608 - Lampent,https://www.pokemon.com/static-assets/content-assets/cms2/img/pokedex/full/608.png
609 - Chandelure,https://www.pokemon.com/static-assets/content-assets/cms2/img/pokedex/full/609.png
610 - Axew,https://www.pokemon.com/static-assets/content-assets/cms2/img/pokedex/full/610.png
611 - Fraxure,https://www.pokemon.com/static-assets/content-assets/cms2/img/pokedex/full/611.png
612 - Haxorus,https://www.pokemon.com/static-assets/content-assets/cms2/img/pokedex/full/612.png
613 - Cubchoo,https://www.pokemon.com/static-assets/content-assets/cms2/img/pokedex/full/613.png
614 - Beartic,https://www.pokemon.com/static-assets/content-assets/cms2/img/pokedex/full/614.png
615 - Cryogonal,https://www.pokemon.com/static-assets/content-assets/cms2/img/pokedex/full/615.png
616 - Shelmet,https://www.pokemon.com/static-assets/content-assets/cms2/img/pokedex/full/616.png
617 - Accelgor,https://www.pokemon.com/static-assets/content-assets/cms2/img/pokedex/full/617.png
618 - Stunfisk,https://www.pokemon.com/static-assets/content-assets/cms2/img/pokedex/full/618.png
619 - Mienfoo,https://www.pokemon.com/static-assets/content-assets/cms2/img/pokedex/full/619.png
620 - Mienshao,https://www.pokemon.com/static-assets/content-assets/cms2/img/pokedex/full/620.png
621 - Druddigon,https://www.pokemon.com/static-assets/content-assets/cms2/img/pokedex/full/621.png
622 - Golett,https://www.pokemon.com/static-assets/content-assets/cms2/img/pokedex/full/622.png
623 - Golurk,https://www.pokemon.com/static-assets/content-assets/cms2/img/pokedex/full/623.png
624 - Pawniard,https://www.pokemon.com/static-assets/content-assets/cms2/img/pokedex/full/624.png
625 - Bisharp,https://www.pokemon.com/static-assets/content-assets/cms2/img/pokedex/full/625.png
626 - Bouffalant,https://www.pokemon.com/static-assets/content-assets/cms2/img/pokedex/full/626.png
627 - Rufflet,https://www.pokemon.com/static-assets/content-assets/cms2/img/pokedex/full/627.png
628 - Braviary,https://www.pokemon.com/static-assets/content-assets/cms2/img/pokedex/full/628.png
629 - Vullaby,https://www.pokemon.com/static-assets/content-assets/cms2/img/pokedex/full/629.png
630 - Mandibuzz,https://www.pokemon.com/static-assets/content-assets/cms2/img/pokedex/full/630.png
631 - Heatmor,https://www.pokemon.com/static-assets/content-assets/cms2/img/pokedex/full/631.png
632 - Durant,https://www.pokemon.com/static-assets/content-assets/cms2/img/pokedex/full/632.png
633 - Deino,https://www.pokemon.com/static-assets/content-assets/cms2/img/pokedex/full/633.png
634 - Zweilous,https://www.pokemon.com/static-assets/content-assets/cms2/img/pokedex/full/634.png
635 - Hydreigon,https://www.pokemon.com/static-assets/content-assets/cms2/img/pokedex/full/635.png
636 - Larvesta,https://www.pokemon.com/static-assets/content-assets/cms2/img/pokedex/full/636.png
637 - Volcarona,https://www.pokemon.com/static-assets/content-assets/cms2/img/pokedex/full/637.png
638 - Cobalion,https://www.pokemon.com/static-assets/content-assets/cms2/img/pokedex/full/638.png
639 - Terrakion,https://www.pokemon.com/static-assets/content-assets/cms2/img/pokedex/full/639.png
640 - Virizion,https://www.pokemon.com/static-assets/content-assets/cms2/img/pokedex/full/640.png
641 - Tornadus,https://www.pokemon.com/static-assets/content-assets/cms2/img/pokedex/full/641.png
642 - Thundurus,https://www.pokemon.com/static-assets/content-assets/cms2/img/pokedex/full/642.png
643 - Reshiram,https://www.pokemon.com/static-assets/content-assets/cms2/img/pokedex/full/643.png
644 - Zekrom,https://www.pokemon.com/static-assets/content-assets/cms2/img/pokedex/full/644.png
645 - Landorus,https://www.pokemon.com/static-assets/content-assets/cms2/img/pokedex/full/645.png
646 - Kyurem,https://www.pokemon.com/static-assets/content-assets/cms2/img/pokedex/full/646.png
647 - Keldeo,https://www.pokemon.com/static-assets/content-assets/cms2/img/pokedex/full/647.png
648 - Meloetta,https://www.pokemon.com/static-assets/content-assets/cms2/img/pokedex/full/648.png
649 - Genesect,https://www.pokemon.com/static-assets/content-assets/cms2/img/pokedex/full/649.png
650 - Chespin,https://www.pokemon.com/static-assets/content-assets/cms2/img/pokedex/full/650.png
651 - Quilladin,https://www.pokemon.com/static-assets/content-assets/cms2/img/pokedex/full/651.png
652 - Chesnaught,https://www.pokemon.com/static-assets/content-assets/cms2/img/pokedex/full/652.png
653 - Fennekin,https://www.pokemon.com/static-assets/content-assets/cms2/img/pokedex/full/653.png
654 - Braixen,https://www.pokemon.com/static-assets/content-assets/cms2/img/pokedex/full/654.png
655 - Delphox,https://www.pokemon.com/static-assets/content-assets/cms2/img/pokedex/full/655.png
656 - Froakie,https://www.pokemon.com/static-assets/content-assets/cms2/img/pokedex/full/656.png
657 - Frogadier,https://www.pokemon.com/static-assets/content-assets/cms2/img/pokedex/full/657.png
658 - Greninja,https://www.pokemon.com/static-assets/content-assets/cms2/img/pokedex/full/658.png
659 - Bunnelby,https://www.pokemon.com/static-assets/content-assets/cms2/img/pokedex/full/659.png
660 - Diggersby,https://www.pokemon.com/static-assets/content-assets/cms2/img/pokedex/full/660.png
661 - Fletchling,https://www.pokemon.com/static-assets/content-assets/cms2/img/pokedex/full/661.png
662 - Fletchinder,https://www.pokemon.com/static-assets/content-assets/cms2/img/pokedex/full/662.png
663 - Talonflame,https://www.pokemon.com/static-assets/content-assets/cms2/img/pokedex/full/663.png
664 - Scatterbug,https://www.pokemon.com/static-assets/content-assets/cms2/img/pokedex/full/664.png
665 - Spewpa,https://www.pokemon.com/static-assets/content-assets/cms2/img/pokedex/full/665.png
666 - Vivillon,https://www.pokemon.com/static-assets/content-assets/cms2/img/pokedex/full/666.png
667 - Litleo,https://www.pokemon.com/static-assets/content-assets/cms2/img/pokedex/full/667.png
668 - Pyroar,https://www.pokemon.com/static-assets/content-assets/cms2/img/pokedex/full/668.png
669 - Flabébé,https://www.pokemon.com/static-assets/content-assets/cms2/img/pokedex/full/669.png
670 - Floette,https://www.pokemon.com/static-assets/content-assets/cms2/img/pokedex/full/670.png
671 - Florges,https://www.pokemon.com/static-assets/content-assets/cms2/img/pokedex/full/671.png
672 - Skiddo,https://www.pokemon.com/static-assets/content-assets/cms2/img/pokedex/full/672.png
673 - Gogoat,https://www.pokemon.com/static-assets/content-assets/cms2/img/pokedex/full/673.png
674 - Pancham,https://www.pokemon.com/static-assets/content-assets/cms2/img/pokedex/full/674.png
675 - Pangoro,https://www.pokemon.com/static-assets/content-assets/cms2/img/pokedex/full/675.png
676 - Furfrou,https://www.pokemon.com/static-assets/content-assets/cms2/img/pokedex/full/676.png
677 - Espurr,https://www.pokemon.com/static-assets/content-assets/cms2/img/pokedex/full/677.png
678 - Meowstic,https://www.pokemon.com/static-assets/content-assets/cms2/img/pokedex/full/678.png
679 - Honedge,https://www.pokemon.com/static-assets/content-assets/cms2/img/pokedex/full/679.png
680 - Doublade,https://www.pokemon.com/static-assets/content-assets/cms2/img/pokedex/full/680.png
681 - Aegislash,https://www.pokemon.com/static-assets/content-assets/cms2/img/pokedex/full/681.png
682 - Spritzee,https://www.pokemon.com/static-assets/content-assets/cms2/img/pokedex/full/682.png
683 - Aromatisse,https://www.pokemon.com/static-assets/content-assets/cms2/img/pokedex/full/683.png
684 - Swirlix,https://www.pokemon.com/static-assets/content-assets/cms2/img/pokedex/full/684.png
685 - Slurpuff,https://www.pokemon.com/static-assets/content-assets/cms2/img/pokedex/full/685.png
686 - Inkay,https://www.pokemon.com/static-assets/content-assets/cms2/img/pokedex/full/686.png
687 - Malamar,https://www.pokemon.com/static-assets/content-assets/cms2/img/pokedex/full/687.png
688 - Binacle,https://www.pokemon.com/static-assets/content-assets/cms2/img/pokedex/full/688.png
689 - Barbaracle,https://www.pokemon.com/static-assets/content-assets/cms2/img/pokedex/full/689.png
690 - Skrelp,https://www.pokemon.com/static-assets/content-assets/cms2/img/pokedex/full/690.png
691 - Dragalge,https://www.pokemon.com/static-assets/content-assets/cms2/img/pokedex/full/691.png
692 - Clauncher,https://www.pokemon.com/static-assets/content-assets/cms2/img/pokedex/full/692.png
693 - Clawitzer,https://www.pokemon.com/static-assets/content-assets/cms2/img/pokedex/full/693.png
694 - Helioptile,https://www.pokemon.com/static-assets/content-assets/cms2/img/pokedex/full/694.png
695 - Heliolisk,https://www.pokemon.com/static-assets/content-assets/cms2/img/pokedex/full/695.png
696 - Tyrunt,https://www.pokemon.com/static-assets/content-assets/cms2/img/pokedex/full/696.png
697 - Tyrantrum,https://www.pokemon.com/static-assets/content-assets/cms2/img/pokedex/full/697.png
698 - Amaura,https://www.pokemon.com/static-assets/content-assets/cms2/img/pokedex/full/698.png
699 - Aurorus,https://www.pokemon.com/static-assets/content-assets/cms2/img/pokedex/full/699.png
700 - Sylveon,https://www.pokemon.com/static-assets/content-assets/cms2/img/pokedex/full/700.png
701 - Hawlucha,https://www.pokemon.com/static-assets/content-assets/cms2/img/pokedex/full/701.png
702 - Dedenne,https://www.pokemon.com/static-assets/content-assets/cms2/img/pokedex/full/702.png
703 - Carbink,https://www.pokemon.com/static-assets/content-assets/cms2/img/pokedex/full/703.png
704 - Goomy,https://www.pokemon.com/static-assets/content-assets/cms2/img/pokedex/full/704.png
705 - Sliggoo,https://www.pokemon.com/static-assets/content-assets/cms2/img/pokedex/full/705.png
706 - Goodra,https://www.pokemon.com/static-assets/content-assets/cms2/img/pokedex/full/706.png
707 - Klefki,https://www.pokemon.com/static-assets/content-assets/cms2/img/pokedex/full/707.png
708 - Phantump,https://www.pokemon.com/static-assets/content-assets/cms2/img/pokedex/full/708.png
709 - Trevenant,https://www.pokemon.com/static-assets/content-assets/cms2/img/pokedex/full/709.png
710 - Pumpkaboo,https://www.pokemon.com/static-assets/content-assets/cms2/img/pokedex/full/710.png
711 - Gourgeist,https://www.pokemon.com/static-assets/content-assets/cms2/img/pokedex/full/711.png
712 - Bergmite,https://www.pokemon.com/static-assets/content-assets/cms2/img/pokedex/full/712.png
713 - Avalugg,https://www.pokemon.com/static-assets/content-assets/cms2/img/pokedex/full/713.png
714 - Noibat,https://www.pokemon.com/static-assets/content-assets/cms2/img/pokedex/full/714.png
715 - Noivern,https://www.pokemon.com/static-assets/content-assets/cms2/img/pokedex/full/715.png
716 - Xerneas,https://www.pokemon.com/static-assets/content-assets/cms2/img/pokedex/full/716.png
717 - Yveltal,https://www.pokemon.com/static-assets/content-assets/cms2/img/pokedex/full/717.png
718 - Zygarde,https://www.pokemon.com/static-assets/content-assets/cms2/img/pokedex/full/718.png
719 - Diancie,https://www.pokemon.com/static-assets/content-assets/cms2/img/pokedex/full/719.png
720 - Hoopa,https://www.pokemon.com/static-assets/content-assets/cms2/img/pokedex/full/720.png
721 - Volcanion,https://www.pokemon.com/static-assets/content-assets/cms2/img/pokedex/full/721.png
